{"sidebar_default":{"search-2":{"title":""},"categories-3":{"title":"","count":0,"hierarchical":0,"dropdown":0},"custom-posts-tabs-2":{"latest":1,"popular":1,"recent":1,"title":"Blog","number":3},"custom-contact-info-2":{"title":"Contacts","name":"","url":"","email":"example@example.com","phone":"","address":"Brooklyn, NY 10036, United States","city":"","state":"","zip":"","country":"","time":""},"custom-popular-projects-2":{"title":"","type":"dinner","number":4,"autoplay":1},"tribe-events-adv-list-widget-3":{"title":"Upcoming Events","limit":"3","no_upcoming_events":false,"featured_events_only":false,"jsonld_enable":1,"venue":"","country":"1","address":"","city":"1","region":"1","zip":"","phone":"","cost":"","organizer":"","tribe_is_list_widget":"","operand":"OR","filters":""}},"search":{"search-4":{"title":""}},"events-list":{"tribe-events-adv-list-widget-2":{"title":"Upcoming Events","limit":"3","no_upcoming_events":false,"featured_events_only":false,"jsonld_enable":1,"venue":"1","country":"1","address":"1","city":"1","region":"1","zip":"","phone":"","cost":"","organizer":"","tribe_is_list_widget":"","operand":"OR","filters":""}},"sidebar_shop":{"woocommerce_product_search-2":{"title":""},"woocommerce_price_filter-2":{"title":"Filter by price"},"woocommerce_product_categories-2":{"title":"Product categories","orderby":"name","dropdown":0,"count":0,"hierarchical":1,"show_children_only":0,"hide_empty":0},"woocommerce_products-3":{"title":"Featured Products","number":3,"show":"","orderby":"date","order":"desc","hide_free":0,"show_hidden":0},"woocommerce_recently_viewed_products-2":{"title":"Recently viewed products","number":3},"woocommerce_widget_cart-2":{"title":"Your Cart","hide_if_empty":0}}}